name,careerStart,careerEnd,jerseyNum
John Hussey,,,
Tony Michalek,,,
Kevin Codey,,,
Derick Bowers,,,
Greg Steed,,,
Allen Baynes,,,
Don Willard,,,
Shawn Hochuli,,,
Roy Ellison,,,
Ed Camp,,,
Greg Bradley,,,
Rich Martinez,,,
Chad Hill,,,
Tom Hill,,,
Peter Morelli,,,
Steven Woods,,,
Steve Stelljes,,,
Jeff Seeman,,,
Keith Ferguson,,,
Boris Cheek,,,
Anthony Jeffries,,,
Shawn Smith,,,
Bryan Neale,,,
Mark Hittner,,,
Bart Longson,,,
Dino Paganelli,,,
James Coleman,,,
Brad Rogers,,,
Tony Corrente,,,
Alan Eck,,,
Patrick Turner,,,
Tim Podraza,,,
Todd Prukop,,,
Ryan Dickson,,,
Keith Washington,,,
Craig Wrolstad,,,
Paul King,,,
Jerod Phillips,,,
Carl Johnson,,,
Scott Helverson,,,
Adrian Hill,,,
Jeff Lamberth,,,
Jerome Boger,,,
Bill Schuster,,,
Mike Carr,,,
Rusty Baynes,,,
Tony Steratore,,,
Jonah Monroe,,,
Dale Shaw,,,
Clay Martin,,,
Fred Bryan,,,
Danny Short,,,
Kent Payne,,,
Gregory Wilson,,,
Brad Freeman,,,
David Meslow,,,
John Parry,,,
Mark Pellis,,,
David Oliver,,,
Julian Mapp,,,
Perry Paganelli,,,
Michael Banks,,,
Matt Edwards,,,
Clete Blakeman,,,
Ramon George,,,
Dana McKenzie,,,
Walt Coleman IV,,,
Jim Quirk,,,
Dyrol Prioleau,,,
Joe Larrew,,,
Walt Anderson,,,
Carl Paganelli,,,
Tom Stephan,,,
Byron Boston,,,
Lee Dyer,,,
Rick Patterson,,,
Terry Brown,,,
Walt Coleman,,,
Jeff Rice,,,
Jerry Bergman,,,
Mark Stewart,,,
Greg Yette,,,
Jabir Walker,,,
Greg Gautreaux,,,
Brad Allen,,,
Ruben Fowler,,,
Jim Mello,,,
Brian Bolinger,,,
Terrence Miles,,,
Scott Novak,,,
Steve Zimmer,,,
Carl Cheffers,,,
Barry Anderson,,,
Hugo Cruz,,,
Gary Arthur,,,
Greg Meyer,,,
Eugene Hall,,,
Land Clark,,,
Bill Vinovich,,,
Bruce Stritesky,,,
Mike Spanier,,,
Mark Perlman,,,
Steven Patrick,,,
Gary Cavaletto,,,
Mearl Robinson,,,
Ron Torbert,,,
Dan Ferrell,,,
Sarah Thomas,,,
Mark Steinkerchner,,,
Anthony Josselyn,,,
Scott Edwards,,,
Jimmy Buchanan,,,
Mike Weatherford,,,
Alex Kemp,,,
Richard Hall,,,
Tom Symonette,,,
Jeff Bergman,,,
Steve Freeman,,,
Aaron Santi,,,
John Jenkins,,,
George Ramon,,,
Phil McKinnely,,,
Steve Patrick,,,
Nathan Jones,,,
Jimmy Russell,,,
Matthew Edwards,,,
Patrick Holt,,,
Ronald Torbert,,,
Terry Killens,,,
Bradley Rogers,,,
Gregory Steed,,,
Dave Hawkshaw,,,
Tripp Sutter,,,
Michael Spanier,,,
Mark Steinkercher,,,
 John Hussey,,,
 Alan Eck,,,
 Kevin Codey,,,
Johnson Carl,,,
 Brad Freeman,,,
 Jabir Walker,,,
 Allen Baynes,,,
Bruce Stitesky,,,
Dan Ferrrell,,,
Prioleau Dyrol,,,
Joe Blubaugh,,,
Michael Dolce,,,
Grantis Bell,,,
Tab Slaughter,,,
Frank LeBlanc,,,
Greg Wilson,,,
Clay Reynard,,,
Anthony Flemming,,,
Thomas Eaton,,,
Tony Josselyn,,,
Dominique Pender,,,
Daniel Gallagher,,,
Tra Blake,,,
Tom Eaton,,,
 Jr. Terry Killens,,,
 Daniel Gallagher,,,
 Adrian Hall,,,
 Dan Ferrell,,,
 Ed Camp,,,
 Greg Steed,,,
 Dominique Pender,,,
 Jim Quirk,,,
 Craig Wrolstad,,,
 Ruben Fowler,,,
 Jerry Bergman,,,
 David Oliver,,,
 Keith Ferguson,,,
 Aaron Santi,,,
Maia Chaka,,,
Anthony Jefferies,,,
Rich Hall,,,
Steve Woods,,,
Brandon Cruse,,,
Mike Morton,,,
Duane Heydt,,,
Robin DeLorenzo,,,
Jeff Shears,,,
Tra Boger,,,
Alex Moore,,,
Alonzo Ramsey,,,
Lo Van,,,
Max Causey,,,
